Country,1992,2004,2015,2018,2019
Afghanistan,0.0528570617,0.0810330823,0.1259874068,0.1441709086,0.1523018404
Albania,0.6072727955,0.76626298,1.0097083214,1.0767362238,1.0780767818
Algeria,0.0463571686,0.0727407342,0.1130714709,0.1230732802,0.1311307564
American Samoa,0.0385059684,0.0385059684,0.0385059684,0.0385059684,0.0385059684
Andorra,0.4405286344,0.6269061335,0.8810572687,0.8810572687,0.8810572687
Angola,0.0258184479,0.0490365652,0.0738875915,0.1008521567,0.1052394442
Anguilla,0.7874015748,1.0826771654,1.2795275591,1.2795275591,1.2795275591
Antarctica,0.0,0.0,0.0,0.0,0.0
Antigua and Barbuda,1.465076661,1.9250425894,2.8960817717,2.8960817717,2.8960817717
Argentina,0.146761142,0.1782276199,0.2469949041,0.2576578339,0.263103207
Armenia,1.2488032411,1.6586360992,2.25108067,2.372387022,2.372387022
Aruba,1.0252029047,1.2815036309,12.0888509184,17.7701836822,18.2827851346
Australia,0.1000152376,0.1364822549,0.1549295098,0.1593185669,0.1617053169
Austria,1.2675567199,2.7033226383,2.7917568281,2.8034559344,2.8090751902
Azerbaijan,0.2593716516,0.3713943428,0.7872979105,0.9459850102,0.9531064862
"BRIICS economies - Brazil, Russia, India, Indonesia, China and South Africa",0.2130058083,0.3544244186,0.5666885344,0.6141610053,0.6337192979
Bahamas,0.6894077746,0.9189929559,1.0468301591,1.0709626924,1.0761805374
Bahrain,20.917200366,29.3915827996,30.7753888381,33.8517840805,34.5036596523
Bangladesh,0.1483606887,0.2666311672,0.7792099202,0.7874613489,0.7877914061
Barbados,9.3444661574,11.4052229526,16.9124178362,16.9657132706,17.0190087049
Belarus,0.368437533,0.7836015441,0.8844814723,0.9264308025,0.9371420638
Belgium,5.30864696,11.1618611177,11.2380702436,11.3337101732,11.3556644578
Belize,0.0258108314,0.0707146065,0.1619364488,0.1619364488,0.1626435948
Benin,0.1657195708,0.2467469122,0.4633084743,0.47263728,0.4856309738
Bermuda,4.6987951807,4.6987951807,4.6987951807,4.6987951807,4.6987951807
Bhutan,0.0012261012,0.0016348017,0.0083783585,0.0083783585,0.0083783585
Bolivia,0.0645161199,0.0822840989,0.1165230723,0.123603332,0.1301733026
Bosnia and Herzegovina,0.4440050224,0.5836664382,0.8874034805,0.9062069718,0.9134857427
Botswana,0.0295132456,0.0418824742,0.0729917493,0.0980494125,0.1130387896
Bouvet Island,0.0,0.0,0.0,0.0,0.0
Brazil,0.1559954595,0.2310300125,0.3015686486,0.3109733172,0.3181825371
British Indian Ocean Territory,0.0,0.0,0.0,0.0,0.0
British Virgin Islands,4.5862412762,6.5304087737,12.1136590229,12.1136590229,12.1136590229
Brunei Darussalam,0.2459432379,0.4020976746,1.5862688199,1.724205239,1.725506526
Bulgaria,1.2627580668,1.6540077693,2.0597327365,2.0810280778,2.0818631893
Burkina Faso,0.0609102071,0.0930658494,0.1375609383,0.2077187033,0.2208170681
Burundi,0.1023263525,0.2112267443,0.4133069991,0.4393173289,0.4398889845
Cabo Verde,0.7674524369,0.7674524369,0.8015614341,0.8015614341,0.8015614341
Cambodia,0.0364978957,0.0508514764,0.1739366071,0.2068778633,0.2096723658
Cameroon,0.0740131633,0.1141379991,0.1568531306,0.1666533577,0.1725433932
Canada,0.0744088592,0.1074485172,0.1181748536,0.1256766989,0.1282327553
Cayman Islands,1.4592274678,2.4320457797,5.4649499285,5.6366237482,5.6366237482
Central African Republic,0.017819942,0.0219961037,0.0278699927,0.0278823849,0.0279443458
Chad,0.0152252711,0.0177162373,0.0209362667,0.0251223049,0.0266958665
Chile,0.1771396854,0.2330129456,0.3192845281,0.3553110343,0.3855357102
China (People's Republic of),0.3654099489,0.6855890099,1.3062049903,1.4619203998,1.5122219669
Chinese Taipei,1.7563437723,2.8130889885,5.1727699631,5.6078627637,5.7597086603
Christmas Islands,0.0,0.0,0.0,0.0,0.0
Cocos (Keeling) Islands,0.0,0.0,0.0,0.0,0.0
Colombia,0.1482679016,0.1768533218,0.2231537453,0.2334712006,0.2400393061
Comoros,0.9856339207,1.0088800037,1.5807336464,1.585382863,1.585382863
Congo,0.0424415212,0.0547705239,0.0859198507,0.0970091913,0.0995561334
Cook Islands,0.064683053,0.064683053,0.064683053,0.064683053,0.064683053
Costa Rica,0.4026799251,0.623552869,0.8532907815,0.8590004222,0.867715137
Croatia,0.8373934435,1.3603365454,1.6910775229,1.7138022755,1.717224678
Cuba,0.496527361,0.6237637981,0.7676505868,0.7747963627,0.7766001508
Cyprus,1.3344995627,2.5207213961,3.8893748178,4.1526094381,4.1592736057
Czechia,2.1673749014,4.3470114848,4.4332356323,4.4401021741,4.4456935011
Côte d'Ivoire,0.2583081484,0.347012083,0.5104115557,0.5285962203,0.5383090267
Democratic People's Republic of Korea,0.5072915675,0.5860494504,0.8641297254,0.8808397646,0.9582103989
Democratic Republic of the Congo,0.0408993439,0.0558542377,0.089996356,0.096315186,0.0984610172
Denmark,2.3898876667,3.7224887424,4.0292113335,4.0459024985,4.0521841197
Djibouti,0.0691195236,0.0769176237,0.092868283,0.092868283,0.0978307103
Dominica,0.34771937,0.4090816118,0.5624872162,0.5624872162,0.5624872162
Dominican Republic,0.78476501,1.1813030935,1.6098071652,1.6275482886,1.6403346839
Ecuador,0.237340159,0.3218710381,0.5721352158,0.5978633089,0.6180739554
Egypt,0.1060642373,0.1836811968,0.3032130381,0.3336894662,0.3345904403
El Salvador,0.9841958016,1.2287625294,1.5541103885,1.558927612,1.564115391
Equatorial Guinea,0.0506021082,0.1159868548,0.2214552939,0.2285623316,0.2322579912
Eritrea,0.0747703754,0.112314649,0.1370047815,0.1382138344,0.1485862354
Estonia,0.3707389813,0.4769331268,0.6556334199,0.6756410125,0.6788901087
Eswatini,0.1344468979,0.1624937674,0.2501958829,0.2533122017,0.2542025785
Ethiopia,0.0282675296,0.0367335085,0.077832606,0.0865977842,0.0927517689
European Union (28 countries),1.4690517799,2.5643221478,2.8522339447,2.8944780423,2.9007203984
Faeroe Islands,0.0,0.0,0.0,0.0,0.0
Falkland Islands (Malvinas),0.0019224238,0.0019224238,0.0019224238,0.0019224238,0.0019224238
Fiji,0.1311469897,0.1315673326,0.1803271109,0.1828491684,0.1836898542
Finland,0.1309405899,0.1669297053,0.1680105286,0.1790947162,0.1834640018
France,1.3880788381,2.536461966,2.8508046971,2.8824591964,2.8896831017
French Polynesia,0.1414121575,0.1414121575,0.1414121575,0.1414121575,0.1414121575
French Southern and Antarctic Lands,0.0,0.0,0.0,0.0,0.0
G20,0.3486725346,0.5381521812,0.72652626,0.7661930617,0.7805168208
Gabon,0.0361701719,0.0645771317,0.077283213,0.0803652373,0.080975827
Gambia,0.6085401205,0.7599898577,1.0608334533,1.1663685642,1.2849242409
Georgia,0.7767441603,1.0394957472,1.4746849803,1.5022440137,1.5026867291
Germany,3.7269377644,6.719424037,6.8274647034,6.8424817718,6.8512236963
Ghana,0.4338913651,0.6585208085,0.9584768278,1.0763052106,1.0979419095
Gibraltar,53.7313432836,55.223880597,59.7014925373,59.7014925373,59.7014925373
Greece,0.8668600442,1.1643068517,1.5319857825,1.6372461041,1.638534767
Greenland,2.51229e-05,3.58899e-05,3.58899e-05,0.0,3.58899e-05
Grenada,1.5715667311,2.5145067698,2.8046421663,2.8046421663,2.8046421663
Guam,0.0,0.0,0.0,0.0,0.0
Guatemala,0.4068933516,0.5332630026,0.783322591,0.788399943,0.8025036987
Guernsey,17.7339901478,31.5270935961,31.6256157635,31.6256157635,31.6256157635
Guinea,0.1028662877,0.1267262101,0.1922382883,0.1983375797,0.2035203972
Guinea-Bissau,0.0627410594,0.0922368562,0.1694758497,0.1737252442,0.1752250304
Guyana,0.0477932604,0.0867748651,0.1016785298,0.1037454614,0.1045432244
Haiti,0.6646314226,0.9041946323,1.5440730867,1.5952861244,1.6171939239
Heard Island and McDonald Islands,0.0,0.0,0.0,0.0,0.0
Holy See,100.0,100.0,100.0,100.0,100.0
Honduras,0.2040532457,0.2841533949,0.4490130689,0.4518223983,0.4584003404
"Hong Kong, China",12.311199772,15.0470219436,17.946708464,18.2174408663,18.2316899402
Hungary,1.9030461541,3.9893221245,4.0595713054,4.071210223,4.076530871
Iceland,0.0263013897,0.0411903949,0.0411903949,0.0,0.0411903949
India,0.2735209453,0.5098466579,0.9073958716,0.957475269,0.988734954
Indonesia,0.4996602751,0.666579564,0.8754796983,0.8894556978,0.8942810356
Iran,0.142456655,0.1990505983,0.355071053,0.3812291532,0.4096846449
Iraq,0.1732277839,0.2667913001,0.5467921914,0.5786932655,0.6382513684
Ireland,0.6026157265,1.2384456212,1.2773061981,1.2797419038,1.2821776094
Isle of Man,1.650879567,2.7198917456,2.9228687415,2.9228687415,2.9228687415
Israel,1.8290149289,3.0866945656,4.5146617992,5.1876502538,5.2369928472
Italy,2.2249376252,3.450029148,4.3931207012,4.4458672334,4.4466636983
Jamaica,1.6783393274,2.099676811,2.7951290302,2.8133566085,2.8266767619
Japan,3.3104940841,3.9865642871,6.5854491014,6.6269906897,6.6511870607
Jersey,7.7022653722,14.7572815534,14.7572815534,14.8220064725,14.8220064725
Jordan,0.256085491,0.3772070071,0.5589757965,0.6242948997,0.6646975769
Kazakhstan,0.0580005824,0.1060272533,0.1319637788,0.1520776523,0.1669622999
Kenya,0.0112316255,0.0262862222,0.0791882329,0.0849622376,0.088271085
Kiribati,0.0456308465,0.0456308465,0.0456308465,0.0456308465,0.0456308465
Korea,1.4763524252,1.7721154638,3.3670655581,3.5952564011,3.8159819787
Kuwait,0.6750535616,1.6369495547,2.2686226251,2.3190856455,2.5151831719
Kyrgyzstan,0.024617088,0.1842211056,0.3213789911,0.330450485,0.3387854045
Lao People's Democratic Republic,0.0182186985,0.0298973513,0.0672690405,0.0680364948,0.0681032299
Latin America and Caribbean,0.181065641,0.2508525027,0.3365666814,0.3567753036,0.3678244427
Latvia,0.3373715504,0.4804334102,0.5560449637,0.5646862841,0.5657664491
Lebanon,1.2282396246,1.6837910396,3.0352348866,3.235251618,3.2375331777
Lesotho,0.1150681051,0.1481976035,0.3163740649,0.3350884381,0.3421695522
Liberia,0.16106456,0.1982148678,0.2578151465,0.2595727954,0.2609309787
Libya,0.0304473817,0.0476877544,0.0671942218,0.0775317943,0.0794605877
Liechtenstein,0.6763285024,7.1980676329,7.2946859903,7.2946859903,7.2946859903
Lithuania,0.6192993459,0.9340859541,1.1648896455,1.1948750112,1.2010871188
Luxembourg,2.6318926975,5.8360655738,5.8569299553,5.9046199702,5.9225037258
"Macau, China",33.9449541284,40.3669724771,50.4587155963,51.376146789,51.376146789
Madagascar,0.0455317989,0.0621149318,0.0788416982,0.0824847644,0.0832812771
Malawi,0.1190090218,0.1493598816,0.3060324437,0.329070623,0.348743675
Malaysia,0.4590795316,0.7413715397,1.1279574779,1.2387232188,1.2458934265
Maldives,0.8230452675,0.8230452675,0.8230452675,0.8230452675,0.8230452675
Mali,0.0137639917,0.0212263968,0.0297329245,0.0392528652,0.0439452747
Malta,14.3628774859,22.2931500123,24.4046157623,25.43579671,25.43579671
Marshall Islands,0.265692461,0.265692461,0.265692461,0.265692461,0.265692461
Mauritania,0.019997955,0.0261950259,0.0282459084,0.0306447745,0.0368048258
Mauritius,4.1989836855,4.6078019333,6.5258090399,6.5563748902,6.5563748902
Mexico,0.3744784258,0.5278043189,0.7217760495,0.8202545475,0.8561012379
Micronesia,6.0282171868,6.0282171868,6.0389055152,6.0389055152,6.0389055152
Middle East and North Africa,0.121729164,0.1880167252,0.2802371819,0.3027314654,0.3181833107
Moldova,2.8613282368,6.1541102553,6.2509298573,6.2518454091,6.2536765127
Mongolia,0.0254645338,0.0377100441,0.0396027118,0.042686327,0.0524313416
Montenegro,0.40267335,0.5196324144,0.7028682818,0.7318295739,0.738512949
Montserrat,0.0,0.0,0.0760456274,0.0760456274,0.0760456274
Morocco,0.245513452,0.345862795,0.4718950188,0.5154070299,0.5274295959
Mozambique,0.0416759207,0.060175773,0.0885649923,0.0982102979,0.1006216243
Myanmar,0.0771593997,0.1097962233,0.2046747321,0.2056315871,0.2058275694
Namibia,0.055465716,0.0804168871,0.0897420723,0.1051066917,0.1210593858
Nauru,0.0,0.0,0.0,0.0,0.0
Nepal,0.0951000248,0.1396993774,0.2404918254,0.2429985805,0.2436252693
Netherlands,5.1999875752,10.3600086974,10.5513506797,10.6343897868,10.653441153
Netherlands Antilles,3.0907668232,5.1741001565,9.7906885759,11.1111111111,12.1967918623
New Caledonia,0.0977857332,0.1657385309,0.2237470167,0.2262330947,0.2295478653
New Zealand,0.7248145438,0.9675898556,1.0070498382,1.015857099,1.015857099
Nicaragua,0.1336576712,0.1617898277,0.2176950067,0.2186526972,0.2197899545
Niger,0.0072404453,0.0091642979,0.0146563772,0.0176461481,0.020518928
Nigeria,0.267711276,0.4051111082,0.7103173393,0.79390794,0.8367424201
Niue,0.1168565586,0.1168565586,0.1168565586,0.1168565586,0.1168565586
Norfolk Island,0.0,0.0,0.0,0.0,0.0
North Macedonia,0.7370738744,0.9320476805,1.2986105839,1.3350542859,1.3353579834
Northern Mariana Islands,0.0161864681,0.0161864681,0.0161864681,0.0161864681,0.0161864681
Norway,0.5244926091,0.8843429448,1.087834744,1.0913163146,1.0940775603
OECD - Europe,1.2567537628,2.1627714944,2.4214154199,2.4760857585,2.4831579792
OECD - Total,0.512972064,0.7619417764,0.9284589531,0.9617758733,0.9709805172
OECD America,0.4275199693,0.589047553,0.7387623039,0.7755743721,0.7864530039
OECD Asia Oceania,0.281648811,0.3588686321,0.5136891074,0.5241447055,0.5301159489
Oman,0.0727883162,0.0990709079,0.1418611616,0.16854273,0.1713355671
Pakistan,0.0681921015,0.2561233205,0.4900922669,0.5697132122,0.5976210813
Palau,0.1214223764,0.1214223764,0.1214223764,0.1214223764,0.1214223764
Palestinian Authority or West Bank and Gaza Strip,1.7858918274,3.1517200239,5.5863491748,6.3021972559,6.3581228873
Panama,0.1921862728,0.2869447824,0.4634235233,0.4966865321,0.5101354646
Papua New Guinea,0.0434511148,0.0562738443,0.0599944291,0.0612069411,0.0613730386
Paraguay,0.0855828446,0.132467527,0.1813362366,0.1819718958,0.1823956686
Peru,0.131132903,0.1592017631,0.191617307,0.2113857871,0.2276233309
Philippines,0.3371639357,0.4190610634,0.7667865108,0.7925285738,0.8026229917
Pitcairn,0.0,0.0,0.0,0.0,0.0
Poland,1.1881634028,2.38166469,2.4411014116,2.459225391,2.4668970481
Portugal,1.2010259235,1.9522445017,2.9556608876,3.0505604956,3.0509804053
Puerto Rico,7.4212700052,10.4629151609,13.7626914473,13.785923249,13.8212011702
Qatar,3.2451738867,3.5177151843,4.2373841366,4.2826966262,4.8944152357
Romania,1.4629493412,3.0100619727,3.656740912,3.6783412015,3.6853791337
Russia,0.1097187962,0.1669863574,0.1945456355,0.2025868381,0.2092117962
Rwanda,0.1061375313,0.2854525057,0.5297804979,0.5690906947,0.574533645
Saint Helena,4.6660212972,4.6660212972,4.7241045499,4.7241045499,4.7241045499
Saint Kitts and Nevis,1.2907010854,1.6133763567,2.7867409798,2.7867409798,2.8160750953
Saint Lucia,0.8667941364,1.1599745061,1.6443594646,1.6443594646,1.6443594646
Saint Pierre and Miquelon,0.3322259136,0.9966777409,1.0631229236,1.0631229236,1.0631229236
Saint Vincent and the Grenadines,1.1189316008,1.245262588,1.9491066594,1.9491066594,1.9491066594
Samoa,0.0162588407,0.0162588407,0.0162588407,0.0162588407,0.0162588407
San Marino,7.0080862534,9.5687331536,12.1293800539,12.1293800539,12.1293800539
Sao Tome and Principe,1.1623401782,1.1623401782,1.2940720651,1.2940720651,1.2940720651
Saudi Arabia,0.0979285907,0.1341078644,0.1872778905,0.1990219688,0.2141506114
Senegal,0.1423087301,0.2019107904,0.2769811909,0.3025920631,0.3318840086
Serbia,0.8627932867,1.1928392883,1.7601578199,1.7900903929,1.7963919872
Seychelles,0.340241262,0.340241262,0.3557067739,0.3557067739,0.3557067739
Sierra Leone,0.1677087836,0.2545902181,0.3724855631,0.3759905599,0.4006317491
Singapore,18.13001813,31.339031339,46.0243460243,48.7826987827,49.8575498576
Slovak Republic,2.1819363818,3.9900654676,4.0386651498,4.0508150703,4.0549176409
Slovenia,1.0459884076,1.9234289201,2.0061775473,2.0134228188,2.0176174497
Solomon Islands,0.0309977187,0.0383392836,0.0435055701,0.0435055701,0.0435055701
Somalia,0.0519262036,0.067669141,0.0764448879,0.0825866969,0.0888620235
South Africa,0.2816204118,0.4126351251,0.6001190859,0.6763181722,0.720208543
South Georgia and the South Sandwich Islands,0.0,0.0,0.0,0.0,0.0
South Sudan ,0.009228924,0.0126669116,0.0183603165,0.0220787072,0.0234563405
Spain,0.600213283,0.9444258826,1.4492262768,1.6116905962,1.6205392491
Sri Lanka,0.9189344121,1.1292020159,1.7553631584,1.7568717008,1.757219826
Sudan,0.0326247134,0.0508611986,,,
Suriname,0.0533022236,0.0906190733,0.1021052526,0.1039578621,0.1048047694
Svalbard and Jan Mayen,0.0,0.0,0.0,0.0,0.0
Sweden,0.250919206,0.390406956,0.4299376878,0.4389619447,0.4441038732
Switzerland,2.109853975,4.2084723736,4.3140867911,4.3232625118,4.3262586654
Syrian Arab Republic,0.4332510104,0.5834496146,0.8498542914,0.9123857878,0.9389155439
Tajikistan,0.0796092679,0.176607591,0.3948402326,0.4330418131,0.4454315148
Tanzania,0.0378525385,0.0621151005,0.1069955283,0.1138272904,0.1173902669
Thailand,0.2504577189,0.3661602402,0.8037754712,0.8478142868,0.8497225361
Timor-Leste,0.3068338868,0.3924379628,0.4238948823,0.5399245034,0.5677716125
Togo,0.232660062,0.3429030565,0.5045476926,0.6172255017,0.6238536081
Tokelau,0.0,0.0,0.0,0.0,0.0
Tonga,0.1219917933,0.1219917933,0.1219917933,0.1219917933,0.1219917933
Trinidad and Tobago,1.2439519742,1.7068872827,3.8737231946,3.9006033092,3.9006033092
Tunisia,0.4376945965,0.592750764,0.7267419475,0.8011649334,0.8216337386
Turkmenistan,0.0161850074,0.0389191029,0.0982363209,0.1270606511,0.1618917882
Turks and Caicos Islands,0.1164313783,0.2183088342,0.7422500364,0.7422500364,0.8586814146
Tuvalu,0.1757469244,0.1757469244,0.1757469244,0.1757469244,0.1757469244
Türkiye,0.5008279198,0.7047978391,1.019255999,1.1667154571,1.174887313
Uganda,0.0818214328,0.159605833,0.2459093257,0.2475304963,0.2477530099
Ukraine,1.7194601382,4.0922386015,4.1846385034,4.2015544364,4.2064372533
United Arab Emirates,1.4959976308,3.6519592478,3.724808204,3.8235974414,3.959675833
United Kingdom,3.6646281405,5.411447628,5.4928725483,5.5070926141,5.5187156969
United States,0.8652207762,1.1883150645,1.4924448785,1.5506017182,1.5639547705
United States Virgin Islands,7.6855703963,17.1009415371,20.1664112109,20.582439238,20.60433545
Uruguay,0.1827372268,0.268211091,0.3340502389,0.3362174261,0.3368675823
Uzbekistan,0.1413044934,0.4264720377,0.8392583686,0.92621498,0.9662418088
Vanuatu,0.034543616,0.034543616,0.034543616,0.034543616,0.034543616
Venezuela,0.1856581677,0.2536328499,0.3392667952,0.3605152023,0.3691510537
Viet Nam,0.2973560789,0.4473479845,1.0400189572,1.11526126,1.1181470732
Wallis and Futuna,0.3271537623,0.3271537623,0.3271537623,0.3271537623,0.3271537623
Western Sahara,0.0032082305,0.005385244,0.0087080542,0.0089372135,0.0113147414
Yemen,0.0175350854,0.031749517,0.0830841149,0.0927072342,0.0939101241
Zambia,0.0458049499,0.062160938,0.0992508773,0.1159955631,0.1235751674
Zimbabwe,0.0860765901,0.1108132782,0.1644389544,0.1770532878,0.1902973539
